Student_ID,Name,Age,Gender,Study_Hours,Attendance,Assignments_Score,Exam_Score
1001,Avery,19,Female,8.0,96,82,86
1002,Blake,20,Male,5.5,88,74,76
1003,Casey,18,Female,3.0,81,68,70
1004,Devon,21,Male,9.0,97,90,92
1005,Emery,19,Female,6.5,91,78,81
1006,Finley,20,Male,2.5,73,61,64
1007,Gray,18,Non-binary,7.0,93,80,83
1008,Harper,22,Female,4.0,85,70,72
1009,Indigo,19,Male,10.0,99,94,96
1010,Jordan,20,Female,5.0,87,73,75
1011,Kai,18,Male,6.0,90,76,79
1012,Logan,21,Female,3.5,79,66,68
1013,Morgan,19,Non-binary,8.5,95,88,90
1014,Noah,20,Male,4.5,84,72,74
1015,Oakley,18,Female,7.5,92,84,87
1016,Parker,22,Male,1.5,68,55,58
1017,Quinn,19,Female,6.0,89,77,80
1018,Riley,21,Male,2.0,75,59,62
1019,Sage,18,Female,9.5,98,92,94
1020,Taylor,20,Male,5.0,86,71,75
